Ligand SMILES,QED
C[C@@H]1CCN(C(=O)C2(C#N)CC2)C[C@@H]1n1c(=O)[nH]c2cnc3[nH]ccc3c21,0.7234851034510498
CC1CC1(C#N)C(=O)N1CC[C@@H](C)[C@@H](n2c(=O)[nH]c3cnc4[nH]ccc4c32)C1,0.7117199349615617
C[C@@H]1CCN(C(=O)C2(C#N)CC2)C[C@@H]1N1CNc2cnc3[nH]ccc3c21,0.8675401153460632
N#CC1(C(=O)N2CC[C@@H](CO)[C@@H](n3c(=O)[nH]c4cnc5[nH]ccc5c43)C2)CC1,0.6210529684947588
C[C@@H]1CCN(C(=O)C2(C#N)CC2)C[C@@H]1n1c(=O)[nH]c2cnc3[nH]cc(O)c3c21,0.6217441338971045
Cc1c[nH]c2ncc3[nH]c(=O)n([C@H]4CN(C(=O)C5(C#N)CC5)CC[C@H]4C)c3c12,0.7121559087678339
C[C@@H]1CC(O)N(C(=O)C2(C#N)CC2)C[C@@H]1n1c(=O)[nH]c2cnc3[nH]ccc3c21,0.6155006544843684
CC1CC1(C#N)C(=O)N1CC[C@@H](C)[C@@H](N2CNc3cnc4[nH]ccc4c32)C1,0.8549122696162574
CC1C[C@@H](C)[C@@H](N2CNc3cnc4[nH]ccc4c32)CN1C(=O)C1(C#N)CC1,0.8553094928330593
C[CH][C@H](CN(CC)C(=O)C1(C#N)CC1)N1CNc2cnc3[nH]ccc3c21,0.8347217022745268
N#CC1(C(=O)N2CC[C@@H](CN)[C@@H](N3CNc4cnc5[nH]ccc5c43)C2)CC1,0.7537821014685272
C[C@@H]1CCN(C(=O)C(C)(C)C#N)C[C@@H]1N1CNc2cnc3[nH]ccc3c21,0.867053523849857
Cc1nc2[nH]ccc2c2c1NCN2[C@H]1CN(C(=O)C2(C#N)CC2)CC[C@H]1C,0.8551196267733157
C[C@@H]1CC(=O)N(C(=O)C2(C#N)CC2)C[C@@H]1N1CNc2cnc3[nH]ccc3c21,0.7877425475708798
C[C@@H]1CCN(CC2(C#N)CC2)C[C@@H]1N1CNc2cnc3[nH]ccc3c21,0.901726771004165
N#CC1(C(=O)N2CC[C@@H](CO)[C@@H](N3CNc4cnc5[nH]ccc5c43)C2)CC1,0.7548234744769351
C[C@@H]1CCN(C(=O)C2(C#N)CC2)C[C@@H]1N1CNc2cnc3[nH]cc(O)c3c21,0.7501481597920975
C[C@@H]1CCN(C(=O)C2(C#N)CC2)C[C@@H]1n1c(=O)[nH]c2cnc3[nH]cc(C#N)c3c21,0.6888920389347801
C[C@@H]1CC(O)N(C(=O)C2(C#N)CC2)C[C@@H]1N1CNc2cnc3[nH]ccc3c21,0.7451796481729792
CC1CC1(C#N)CN1CC[C@@H](C)[C@@H](N2CNc3cnc4[nH]ccc4c32)C1,0.8903177284712296
CC1C[C@@H](C)[C@@H](N2CNc3cnc4[nH]ccc4c32)CN1CC1(C#N)CC1,0.8896886885358553
C[CH][C@H](CN(C)C(=O)C1(C#N)CC1)N1CNc2cnc3[nH]ccc3c21,0.872258870175158
CC1C[C@@H](C)[C@@H](N2CNc3cnc4[nH]ccc4c32)CN1C(=O)C(C)(C)C#N,0.8531051742880171
Cc1nc2[nH]ccc2c2c1NCN2[C@H]1CN(CC2(C#N)CC2)CC[C@H]1C,0.8900871878400057
C[C@@H]1CC(=O)N(CC2(C#N)CC2)C[C@@H]1N1CNc2cnc3[nH]ccc3c21,0.8866620098595974
C[C@@H]1CCN(CC2(C)CC2)C[C@@H]1N1CNc2cnc3[nH]ccc3c21,0.9091898580330599
C[C@@H]1CCN(CC2(C#N)CC2)C[C@@H]1n1c(=N)[nH]c2cnc3[nH]ccc3c21,0.6770845355686578
C[C@@H]1CCN(CC2(C#N)C=C2)C[C@@H]1N1CNc2cnc3[nH]ccc3c21,0.8442597455095011
C[CH]CCN(C[CH]N1CNc2cnc3[nH]ccc3c21)CC1(C#N)CC1,0.7748115188998452
C[C@@H]1CCN(C(N)C2(C#N)CC2)C[C@@H]1N1CNc2cnc3[nH]ccc3c21,0.7830180409169322
C[C@@H]1CCN(C(=O)C2(C#N)CC2)C[C@@H]1N1CNc2cnc3[nH]cc(C#N)c3c21,0.8318679403029687
CC1CC1(C#N)CN1CC[C@@H](C)[C@@H](N2CN(C)c3cnc4[nH]ccc4c32)C1,0.9069702100446841
CC1C[C@@H](C)[C@@H](N2CN(C)c3cnc4[nH]ccc4c32)CN1CC1(C#N)CC1,0.9062649147231668
C[CH][C@H](CN(C)C(=O)C1(C#N)C=C1)N1CNc2cnc3[nH]ccc3c21,0.8147317862631032
CC1C[C@@H](C)[C@@H](N2CNc3cnc4[nH]ccc4c32)CN1CC(C)(C)C#N,0.8857754094403093
Cc1nc2[nH]ccc2c2c1N(C)CN2[C@H]1CN(CC2(C#N)CC2)CC[C@H]1C,0.9067081187114835
C[C@@H]1CC(=O)N(CC2(C)CC2)C[C@@H]1N1CNc2cnc3[nH]ccc3c21,0.9024674425359799
C[C@@H]1CCN(CC2(C)CC2)C[C@@H]1N1CN(C)c2cnc3[nH]ccc3c21,0.9312283312297412
C[CH]CCN(C[CH]n1cnc2cnc3[nH]ccc3c21)CC1(C#N)CC1,0.6866314088981859
C[CH]CC(O)N(C[CH]N1CNc2cnc3[nH]ccc3c21)CC1(C#N)CC1,0.6323026670506271
C=C1CC1(C#N)CN(C[CH]N1CNc2cnc3[nH]ccc3c21)CC[CH]C,0.7163879050930564
C[CH]C(=N)CN(C[CH]N1CNc2cnc3[nH]ccc3c21)CC1(C#N)CC1,0.6371034388316128
C[CH]CC(=O)N(C[CH]N1CNc2cnc3[nH]ccc3c21)CC1(C#N)CC1,0.8013963427305296
N#CC1(C(N)N2CC[C@@H](C=O)[C@@H](N3CNc4cnc5[nH]ccc5c43)C2)CC1,0.6982827042769996
C[C@@H]1CCN(CC2(C#N)CC2)C[C@@H]1N1CNc2cnc3[nH]cc(C#N)c3c21,0.872614280724629
CC1CC1(C#N)CN1CC[CH][C@@H](N2CN(C)c3cnc4[nH]ccc4c32)C1,0.9228245221565009
CC1C[CH][C@@H](N2CN(C)c3cnc4[nH]ccc4c32)CN1CC1(C#N)CC1,0.9231168449694734
C[CH][C@H](CN(C)C(=O)C(C)(C)C#N)N1CNc2cnc3[nH]ccc3c21,0.8728769791237421
C[C@@H]1CCN(CC2(C#N)CC2)C[C@@H]1N1CN(C)c2cnc3[nH]ccc3c21,0.9222002512997974
CC1C[C@@H](C)[C@@H](N2CN(C)c3cnc4[nH]ccc4c32)CN1CC(C)(C)C#N,0.9016892973840279
Cc1nc2[nH]ccc2c2c1N(C)CN2[C@@H]1[CH]CCN(CC2(C#N)CC2)C1,0.9229891005164854
C[C@@H]1CC(=O)N(CC2(C)CC2)C[C@@H]1N1CN(C)c2cnc3[nH]ccc3c21,0.9218683956185807
CN1CN([C@@H]2[CH]CCN(CC3(C)CC3)C2)c2c1cnc1[nH]ccc21,0.9421160776622406
C=C(N1CC[C@@H](C)[C@@H](N2CNc3cnc4[nH]ccc4c32)C1)C1(C#N)CC1,0.8906205216790504
C=C(N(C[CH]n1cnc2cnc3[nH]ccc3c21)CC[CH]C)C1(C#N)CC1,0.6754261839615106
N#CC1(CN2CC[CH]C=C2[CH]n2cnc3cnc4[nH]ccc4c32)CC1,0.797836742431978
N#CC1(CN(C[CH]n2cnc3cnc4[nH]ccc4c32)CC[CH]CN)CC1,0.5762427597470537
C[CH]C(=O)CN(C[CH]n1cnc2cnc3[nH]ccc3c21)CC1(C#N)CC1,0.6745102067730495
N#CC1(CN(C[CH]N2CNc3cnc4[nH]ccc4c32)C2C[CH]CO2)CC1,0.8330488124377304
C=C1CC1(C#N)CN1CC[CH]C=C1[CH]N1CNc2cnc3[nH]ccc3c21,0.8337752169649215
C[CH]C(=N)CN(C[CH]N1CNc2cnc3[nH]ccc3c21)C(=O)C1(C#N)CC1,0.6535537714741795
N#CC1(CN2C(=O)C[CH]C=C2[CH]N2CNc3cnc4[nH]ccc4c32)CC1,0.8881116591655297
N#CC1(CN2CC[C@@H](C=O)[C@@H](N3CNc4cnc5[nH]ccc5c43)C2)CC1,0.8196138345942697
C[CH][C@H](CN(CC)CC1(C#N)CC1)N1CNc2cnc3[nH]ccc3c21,0.8126430953469426
Cc1c[nH]c2ncc3c(c12)N([C@H]1CN(CC2(C#N)CC2)CC[C@H]1C)CN3,0.8900871878400057
CC1CC1(C)CN1CC[CH][C@@H](N2CN(C)c3cnc4[nH]ccc4c32)C1,0.9332432014412415
CN1CN([C@@H]2[CH]CCN(CC3(C#N)CC3)C2)c2c1cnc1[nH]ccc21,0.932862707351862
C[CH][C@H](CN(C)C(=O)C(C)(C)C)N1CNc2cnc3[nH]ccc3c21,0.9057093554311546
CC1C[CH][C@@H](N2CN(C)c3cnc4[nH]ccc4c32)CN1CC(C)(C)C#N,0.920982344579373
Cc1nc2[nH]ccc2c2c1N(C)CN2[C@@H]1[CH]CCN(CC2(C)CC2)C1,0.9328960926910579
C[C@@H]1CC(=O)N(CC2(C)CC2)C(O)[C@@H]1N1CN(C)c2cnc3[nH]ccc3c21,0.8669028109062143
CN1CN([C@@H]2[CH]C(N)CN(CC3(C)CC3)C2)c2c1cnc1[nH]ccc21,0.8925782166429466
C[C@@H]1CCN(CC2(CN)CC2)C[C@@H]1N1CN(C)c2cnc3[nH]ccc3c21,0.8814400989142681
C=C(N1CC[C@@H](C)[C@@H](N2CN(C)c3cnc4[nH]ccc4c32)C1)C1(C#N)CC1,0.9076168617469648
C=C(N1CC[CH]CC1[CH]n1cnc2cnc3[nH]ccc3c21)C1(C#N)CC1,0.7869992157518942
N#CC1(CN2CC[CH]C=C2[CH]n2cnc3cnc4[nH]c(O)cc4c32)CC1,0.7574393640991753
Cc1nc2[nH]ccc2c2c1ncn2[CH]C1=C[CH]CCN1CC1(C#N)CC1,0.7877326031520022
N#CC1(CN(C[CH]n2cnc3cnc4[nH]ccc4c32)C2=NC[CH]C2)CC1,0.7697845825656486
C=C1CC1(C#N)CN(C[CH]n1cnc2cnc3[nH]ccc3c21)CC(=O)[CH]C,0.6233601256997114
CN1CN([CH]CN(CC2(C#N)CC2)C2C[CH]CO2)c2c1cnc1[nH]ccc21,0.8491394155826071
N#CC1(CN2CC[CH]C=C2[CH]N2CNc3cnc4[nH]ccc4c32)CC1,0.9004443913656403
C[CH]C1=NC([CH]N2CNc3cnc4[nH]ccc4c32)N(C(=O)C2(C#N)CC2)C1,0.8680103581464385
CN1CN([CH]C2=C[CH]CC(=O)N2CC2(C#N)CC2)c2c1cnc1[nH]ccc21,0.9064584031930496
CC1=C[CH][C@@H](N2CNc3cnc4[nH]ccc4c32)CN1CC1(C#N)CC1,0.9036517193186615
Cc1c[nH]c2ncc3c(c12)N([C@H]1CN(CC2(C#N)CC2)CC[C@H]1C)CN3C,0.9067081187114835
C[C@@H]1CC(O)N(CC2(C#N)CC2)C[C@@H]1N1CN(C)c2cnc3[nH]ccc3c21,0.8657707354672076
C[CH][C@H](CN(C)C(=O)C(C)(C)C)N1CN(C)c2cnc3[nH]ccc3c21,0.9281854889657556
CN1CN([C@@H]2[CH]CCN(CC(C)(C)C#N)C2)c2c1cnc1[nH]ccc21,0.9326848836422998
Cc1nc2[nH]ccc2c2c1N(C)CN2[C@@H]1[CH]CCN(CC2CC2)C1,0.9421176630193141
C=C(N1CC[CH][C@@H](N2CN(C)c3cnc4[nH]ccc4c32)C1)C1(C#N)CC1,0.9249616537635971
N#CC1(CN2CC[CH]CC2[CH]n2cnc3cnc4[nH]ccc4c32)CC1,0.7970872529840448
[CH]CCN(CC1(C#N)CC1)C(=C)[CH]n1cnc2cnc3[nH]c(O)cc3c21,0.6852936688431516
C=C1CC1(C#N)CN1CC[CH]C=C1[CH]n1cnc2c(C)nc3[nH]ccc3c21,0.7263251823419253
N#CC1(C(=O)N(C[CH]n2cnc3cnc4[nH]ccc4c32)C2=NC[CH]C2)CC1,0.7698701603588702
C=C1CC1(C#N)CN1CC(=O)[CH]C=C1[CH]n1cnc2cnc3[nH]ccc3c21,0.7248842396699418
CN1CN([CH]CN(C2C[CH]CO2)C(N)C2(C#N)CC2)c2c1cnc1[nH]ccc21,0.7384625659251528
CN1CN([CH]C2=C[CH]CCN2CC2(C#N)CC2)c2c1cnc1[nH]ccc21,0.9218908065921634
N#CC1(C(=O)N2CC([CH]CN)=NC2[CH]N2CNc3cnc4[nH]ccc4c32)CC1,0.7142431938718155
CC1=C[CH][C@@H](N2CN(C)c3cnc4[nH]ccc4c32)CN1CC1(C#N)CC1,0.9249616537635971
Cc1c[nH]c2ncc3c(c12)n([C@H]1CN(CC2(C#N)CC2)CC[C@H]1C)c(=N)n3C,0.7353888624439612
CC[C@@H]1CC(O)N(CC2(C#N)CC2)C[C@@H]1N1CN(C)c2cnc3[nH]ccc3c21,0.8480831743066012
CN1CN([C@@H]2[CH]CCN(CC3CC3)C2)c2c1cnc1[nH]ccc21,0.9450308655221711
CN1CN([C@@H]2[CH]CCN(C(O)C3(C)CC3)C2)c2c1cnc1[nH]ccc21,0.8967908907971825
[CH][C@H](CN(C)C(=O)C(C)(C)C)N1CN(C)c2cnc3[nH]ccc3c21,0.9401711583801442
CC(C#N)CN1CC[CH][C@@H](N2CN(C)c3cnc4[nH]ccc4c32)C1,0.9382198607404634
CCc1nc2[nH]ccc2c2c1N(C)CN2[C@@H]1[CH]CCN(CC2CC2)C1,0.9299359314699163
CN1CN([C@@H]2[CH]CC(=O)N(CC3(C)CC3)C2)c2c1cnc1[nH]ccc21,0.9335368857136314
C=C(N1CC[CH][C@@H](N(C)c2c(NC)cnc3[nH]ccc23)C1)C1(C#N)CC1,0.867663056447252
CC1(CN2CC[CH]CC2[CH]n2cnc3cnc4[nH]ccc4c32)CC1,0.80113383785893
[CH]CCN(CC1(C#N)CC1)C([CH]n1cnc2cnc3[nH]c(O)cc3c21)=CO,0.556241607853524
[CH]CCN(CC1(C#N)CC1O)C(=C)[CH]n1cnc2cnc3[nH]c(O)cc3c21,0.5899185610759282
[CH]CCN(CC1(C#N)CC1N)C(=C)[CH]n1cnc2cnc3[nH]c(O)cc3c21,0.5892690328477337
CC1(C(=O)N(C[CH]n2cnc3cnc4[nH]ccc4c32)C2=NC[CH]C2)CC1,0.7868315167273694
C=C1CC1(C#N)CNCC(=O)[CH]C=C[CH]n1cnc2cnc3[nH]ccc3c21,0.6020982494325527
CN1CN([CH]C2=C[CH]CCN2CC2(C)CC2)c2c1cnc1[nH]ccc21,0.9275299520972113
CN1CN([C@@H]2[CH]C=CN(CC3(C#N)CC3)C2)c2c1cnc1[nH]ccc21,0.9348809051088356
CC[C@@H]1CCN(CC2(C#N)CC2)C[C@@H]1N1CN(C)c2cnc3[nH]ccc3c21,0.9027396914348723
CN1CN([C@@H]2[CH]C(N)CN(CC3CC3)C2)c2c1cnc1[nH]ccc21,0.8930589276233051
CN1CN([C@@H]2[CH]CCN(C(O)C3CC3)C2)c2c1cnc1[nH]ccc21,0.9003997497311613
[CH][C@H](CN(C)CC(C)(C)C)N1CN(C)c2cnc3[nH]ccc3c21,0.9418469262085929
CN1CN([C@@H]2[CH]C=CN(CC3CC3)C2)c2c1cnc1[nH]ccc21,0.9457287715650993
CC(C)CN1CC[CH][C@@H](N2CN(C)c3cnc4[nH]ccc4c32)C1,0.9456049564239558
C=C(N1CC[CH][C@@H](N(C)c2c(N)cnc3[nH]ccc23)C1)C1(C#N)CC1,0.8971200936483607
[CH]1CCN(CC2CC2)C([CH]n2cnc3cnc4[nH]ccc4c32)C1,0.8058839751329854
[CH]C1CN(CC2(C#N)CC2)C([CH]n2cnc3cnc4[nH]c(O)cc4c32)=CO1,0.7382906038146316
[CH]CCN(CC1(C=N)CC1O)C(=C)[CH]n1cnc2cnc3[nH]c(O)cc3c21,0.4556628125371025
O=C(C1CC1)N(C[CH]n1cnc2cnc3[nH]ccc3c21)C1=NC[CH]C1,0.7939578317594033
C=C1CC1(C#N)CN1CC(=O)[CH]C1=C[CH]n1cnc2cnc3[nH]ccc3c21,0.7248842396699418
CN1CN([CH]CN(CC2(C)CC2)C2C[CH]CO2)c2c1cnc1[nH]ccc21,0.8650707029386066
CN1CN([CH]C2=C[CH]CCN2CC2CC2)c2c1cnc1[nH]ccc21,0.9387675089580558
C[CH]C1=NC([CH]N2CNc3cnc4[nH]ccc4c32)N(C(=O)C2(C)CC2)C1,0.8883991491841247
C[CH]CCN(C[CH]N1CN(C)c2cnc3[nH]ccc3c21)CC1(C)CC1,0.7965470671099111
CN1CN([C@@H]2[CH]C(O)=CN(CC3(C#N)CC3)C2)c2c1cnc1[nH]ccc21,0.8852142886619899
Cc1c[nH]c2ncc3c(c12)N([C@H]1CN(CC2(C#N)CC2)CC[C@H]1CN)CN3C,0.845158313365843
[CH][C@H](CN1C=CC(C)(C)C1)N1CN(C)c2cnc3[nH]ccc3c21,0.9459647123413902
CC(C)CN1C=C[CH][C@@H](N2CN(C)c3cnc4[nH]ccc4c32)C1,0.9459462923202784
Cc1nc2[nH]ccc2c2c1N(C)CN2[C@@H]1[CH]CCN(CC2CC2)C1=O,0.9329681181611836
C=C(N1CC[CH][C@@H](N(C)c2ccnc3[nH]ccc23)C1)C1(C#N)CC1,0.9402469894530912
[CH]1CCN(C=C2CC2)C([CH]n2cnc3cnc4[nH]ccc4c32)C1,0.8077226269907175
[CH]C1CN(CC2(C#N)CC2)C([CH]n2cnc3cnc4[nH]ccc4c32)=CO1,0.7853551739326003
[CH]C1C=C([CH]n2cnc3cnc4[nH]c(O)cc4c32)N(CC2(C#N)CC2)C1,0.7574380422353584
[CH]CC1N=CC2(CC2O)CN1C(=C)[CH]n1cnc2cnc3[nH]c(O)cc3c21,0.6547979621953345
CC1(CN2CC[CH]C=C2[CH]n2cnc3cnc4[nH]ccc4c32)CC1,0.800308283537594
CC(C)C(=O)N(C[CH]n1cnc2cnc3[nH]ccc3c21)C1=NC[CH]C1,0.7944341932308429
N#CC1(CN2CC(=O)[CH]C2=C[CH]n2cnc3cnc4[nH]ccc4c32)CC1,0.783389712192223
CN1CN([CH]CN(CC(C)(C)C)C2C[CH]CO2)c2c1cnc1[nH]ccc21,0.8921828369222156
CN1CN([CH]C2=C[CH]CCN2C=C2CC2)c2c1cnc1[nH]ccc21,0.9407644446987788
C[CH]C1=NC([CH]N2CN(C)c3cnc4[nH]ccc4c32)N(C(=O)C2(C)CC2)C1,0.9054061655087956
CN1CN([CH]C2C[CH]CCN2CC2(C)CC2)c2c1cnc1[nH]ccc21,0.9278435567473309
CN(CN[C@@H]1[CH]C(O)=CN(CC2(C#N)CC2)C1)c1cnc2[nH]ccc2c1,0.6908775435393834
CNCN(c1ccnc2[nH]cc(C)c12)[C@H]1CN(CC2(C#N)CC2)CC[C@H]1CN,0.6330653224782492
CC1C[C@@H](C)[C@@H](n2c(=O)[nH]c3cnc4[nH]ccc4c32)CN1C(=O)C1(C#N)CC1,0.7126487543746007
C[C@@H]1CCN(C(=O)C2(C#N)CC2O)C[C@@H]1n1c(=O)[nH]c2cnc3[nH]ccc3c21,0.6076174470261805
C[C@@H]1CC(=N)N(C(=O)C2(C#N)CC2)C[C@@H]1n1c(=O)[nH]c2cnc3[nH]ccc3c21,0.6283904063157483
C[C@@H]1C(N)CN(C(=O)C2(C#N)CC2)C[C@@H]1n1c(=O)[nH]c2cnc3[nH]ccc3c21,0.6063429991494552
C[C@@H]1CCN(C(=O)C2(C#N)CC2)C[C@@H]1n1c(=O)[nH]c2cnc3[nH]c(N)cc3c21,0.6196214365160803
C[CH]CCN(C[CH]N1CNc2cnc3[nH]ccc3c21)C(=O)C1(C#N)CC1,0.8013963427305296
C[C@@H]1CCN(C(=O)C2(C#N)CC2)C[C@@H]1N1c2c(cnc3[nH]ccc23)NC1N,0.7443854064529977
C=C[C@@H]1CCN(C(=O)C2(C#N)CC2)C[C@@H]1N1CNc2cnc3[nH]ccc3c21,0.8191192621155051
CC1CN(C(=O)C2(C#N)CC2)C[C@H](N2CNc3cnc4[nH]ccc4c32)[C@@H]1C,0.8549122696162574
C[C@@H]1C(O)CN(C(=O)C2(C#N)CC2)C[C@@H]1N1CNc2cnc3[nH]ccc3c21,0.7385085906442712
C[C@@H]1CCN(C(O)C2(C#N)CC2)C[C@@H]1N1CNc2cnc3[nH]ccc3c21,0.7834374846952309
C[C@@H]1CCN(C(=O)C2(C#N)CC2)C[C@@H]1N1c2c(cnc3[nH]ccc23)NC1O,0.7451796481729793
C[C@@H]1CCN(C(=O)C2(C#N)CC2O)C[C@@H]1N1CNc2cnc3[nH]ccc3c21,0.7385085906442712
C[C@@H]1CC(=N)N(C(=O)C2(C#N)CC2)C[C@@H]1N1CNc2cnc3[nH]ccc3c21,0.7576647675274217
C[C@@H]1C(N)CN(C(=O)C2(C#N)CC2)C[C@@H]1N1CNc2cnc3[nH]ccc3c21,0.7374885340683278
C[C@@H]1CCN(C(=O)C2(C#N)CC2)C[C@@H]1n1c(=O)[nH]c2cnc3[nH]c(N=O)cc3c21,0.6571793366184429
C[C@@H]1CCN(CC(C)(C)C#N)C[C@@H]1N1CNc2cnc3[nH]ccc3c21,0.9000555609987058
N#CC1(C(=O)N2CC[CH]C=C2[CH]N2CNc3cnc4[nH]ccc4c32)CC1,0.8915697882503699
N#CC1(C(=O)N(C[CH]N2CNc3cnc4[nH]ccc4c32)CC[CH]C=N)CC1,0.4920173629530629
C[CH]CCN(C[CH]N1CNc2cnc3[nH]ccc3c21)C(=O)C1(C#N)CC1C,0.7886025948773157
C[CH]CCN(C[CH]N1CNc2cnc3[nH]ccc3c21)C(=O)C1(C#N)CC1O,0.6873070711618406
C[CH]CCN(C[CH]N1CNc2c(C)nc3[nH]ccc3c21)C(=O)C1(C#N)CC1,0.7884961526675006
C[CH]CCN(C[CH]N1CNc2cnc3[nH]ccc3c21)C(=O)C(C#N)CC,0.7625345072931462
C=C[C@@H]1CCN(C(=O)C2(C#N)CC2)C[C@@H]1NCNc1cnc2[nH]ccc2c1,0.5394374356853515
CC1CN(CC2(C#N)CC2)C[C@H](N2CNc3cnc4[nH]ccc4c32)[C@@H]1C,0.8903177284712297
C[C@@H]1CCN(C(=O)C(C)(C)C#N)C[C@@H]1N1c2c(cnc3[nH]ccc23)NC1O,0.7466008956838301
C[C@@H]1C(N)CN(C(=O)C2(C#N)CC2)C[C@@H]1N1CNc2c(N)nc3[nH]ccc3c21,0.604212811269948
C[C@@H]1CCN(C(=O)C2(C#N)CC2)C[C@@H]1N1CNc2cnc3[nH]c(N=O)cc3c21,0.7918933256738107
C[CH][C@H](CN(CC1(C#N)CC1)C(C)C)N1CNc2cnc3[nH]ccc3c21,0.8002743926092184
C[C@@H]1CCN(CC(C)(C)C#N)C[C@@H]1N1CN(C)c2cnc3[nH]ccc3c21,0.9198594413274127
N#CC1(C(=O)N2CC[CH]C=C2[CH]N2CNc3cnc4[nH]ccc4c32)CC1=N,0.777454699770709
N#CC1(C(=O)N2CC[CH]C=C2[CH]NCNc2cnc3[nH]ccc3c2)CC1,0.5497412531468995
N#CC1(C(=O)NCC[CH]C=C[CH]N2CNc3cnc4[nH]ccc4c32)CC1,0.6680800160070357
N#CC1(C(=O)N(C[CH]N2CNc3cnc4[nH]ccc4c32)C2C[CH]C=N2)CC1,0.848850908492853
CC1CC1(C#N)C(=O)N1CC[CH]C=C1[CH]N1CNc2cnc3[nH]ccc3c21,0.8786787303398214
Cc1nc2[nH]ccc2c2c1NCN2[CH]C1=C[CH]CCN1C(=O)C1(C#N)CC1,0.8786766264326548
C[CH]CCN(C[CH]n1c(=N)[nH]c2cnc3[nH]ccc3c21)C(=O)C(C#N)CC,0.5683850140471538
N#CC1(C(=O)N2CC[C@H]3C=C=C(Nc4cnc5[nH]ccc5c4)N[C@H]3C2)CC1,0.7285274956911622
CC1CN(CC2(C#N)CC2)C[C@H](N2CN(C)c3cnc4[nH]ccc4c32)[C@@H]1C,0.9069702100446844
C[C@@H]1CCN(C(=O)C(C)(C)C=N)C[C@@H]1N1c2c(cnc3[nH]ccc23)NC1O,0.6180453615416761
C[C@@H]1CCN(C(=O)C2(C#N)CC2)C[C@@H]1N1CNc2c(N)nc3[nH]ccc3c21,0.7485622670101153
C[C@@H]1CCN(C(O)C2(C#N)CC2)C[C@@H]1N1CNc2cnc3[nH]c(N=O)cc3c21,0.6957826384342773
CC1(C)C[CH][C@@H](N2CNc3cnc4[nH]ccc4c32)CN1CC1(C#N)CC1,0.890823801543736
C=C1[CH]C=C([CH]N2CNc3cnc4[nH]ccc4c32)N(C(=O)C2(C#N)CC2=N)C1,0.7666065586808368
C=C1C(=N)C1(C#N)C(=O)N1CC[CH]C=C1[CH]N1CNc2cnc3[nH]ccc3c21,0.7666065586808372
N#CC1(C(=O)N2CC[CH]C=C2[CH]NC(=O)Nc2cnc3[nH]ccc3c2)CC1,0.7749663993130682
CC1(C(=O)N(C[CH]N2CNc3cnc4[nH]ccc4c32)C2C[CH]C=N2)CC1,0.8687896611044793
CC1CC1(C#N)C(=O)N1CC[CH]C=C1[CH]N1CN(C)c2cnc3[nH]ccc3c21,0.8936751713799499
Cc1nc2[nH]ccc2c2c1NCN2[CH]C1=C(O)[CH]CCN1C(=O)C1(C#N)CC1,0.7600900230905879
CN1C(Nc2cnc3[nH]ccc3c2)=C=C[C@@H]2CCN(C(=O)C3(C#N)CC3)C[C@@H]21,0.805918487215214
CC1[CH][C@@H](N2CN(C)c3cnc4[nH]ccc4c32)CN(CC2(C#N)CC2)C1,0.9228245221565008
C[C@@H]1C=CN(CC2(C#N)CC2)C[C@@H]1N1CNc2cnc3[nH]ccc3c21,0.9029967018797738
C[CH]CCN(C[CH]N1CN(C)c2cnc3[nH]ccc3c21)CC1(C#N)CC1,0.7922719614900414
C[C@@H]1CCN(CC2(C#N)CC2)C[C@@H]1N1CNc2cnc3[nH]c(N=O)cc3c21,0.807358089305195
CN1CN([C@@H]2[CH]CC(C)(C)N(CC3(C#N)CC3)C2)c2c1cnc1[nH]ccc21,0.9076734139327653
CN1CN([C@@H]2[CH]CCN(C(=O)C(C)(C)C#N)C2)c2c1cnc1[nH]ccc21,0.8965806581064437
C=C1CC1(C#N)C(=O)N1CC[CH]C=C1[CH]N1CNc2cnc3[nH]ccc3c21,0.8238727794780849
C=C1[CH]C=C([CH]N2CNc3cnc4[nH]ccc4c32)N(C(=O)C2(C#N)CC2)C1,0.8807137260042718
C=CC(=N)C(C#N)C(=O)N1CC[CH]C=C1[CH]N1CNc2cnc3[nH]ccc3c21,0.697573156931376
CN([CH]C1=C[CH]CCN1C(=O)C1(C#N)CC1)C(=O)Nc1cnc2[nH]ccc2c1,0.8557581484448651
CN1CN([CH]C2=C[CH]CCN2C(=O)C2(C#N)CC2)c2c1cnc1[nH]ccc21,0.9099879708278502
CC(C)(C)C(=O)N(C[CH]N1CNc2cnc3[nH]ccc3c21)C1C[CH]C=N1,0.8870313622784218
CCC(C#N)C(=O)N1CC[CH]C=C1[CH]N1CNc2cnc3[nH]ccc3c21,0.8869178825862513
CN1C(Nc2cnc3[nH]ccc3c2)=C=C[C@@H]2CCN(C(=O)C3(C#N)CC3O)C[C@@H]21,0.6841145854367969
CC1[CH][C@@H](N2CN(C)c3cnc4[nH]ccc4c32)CN(CC2(C)CC2)C1,0.9332432014412413
C[C@@H]1C=CN(CC2(C#N)CC2)C[C@@H]1N1CNc2cnc3[nH]cc(O)c3c21,0.7881105666893413
N#CC1(CN2CC[CH][C@@H](N3CNc4cnc5[nH]c(N=O)cc5c43)C2)CC1,0.8224830170186447
Cc1c[nH]c2ncc3c(c12)N([C@@H]1[CH]CCN(C(=O)C(C)(C)C#N)C1)CN3C,0.8842196676855799
C=C1CC1(C#N)C(=O)N1C#C[CH]C=C1[CH]N1CNc2cnc3[nH]ccc3c21,0.6521049670646928
C=C1CC1(C)C(=O)N1CC[CH]C=C1[CH]N1CNc2cnc3[nH]ccc3c21,0.8371386918099212
CC=C1CC1(C#N)C(=O)N1CC[CH]C=C1[CH]N1CNc2cnc3[nH]ccc3c21,0.8085757323923725
C=C1[CH]C=C([CH]N2CN(C)c3cnc4[nH]ccc4c32)N(C(=O)C2(C#N)CC2)C1,0.8961846298755193
C=CC(=N)C(C#N)C(=O)N1CC(C)[CH]C=C1[CH]N1CNc2cnc3[nH]ccc3c21,0.6831804232763711
CN([CH]C1=C[CH]CCN1C(=O)C1(C)CC1)C(=O)Nc1cnc2[nH]ccc2c1,0.8721003160713325
CN1CN([CH]C2=C[CH]CCN2C(=O)C2(C)CC2)c2c1cnc1[nH]ccc21,0.9252721765735642
CN1CN([CH]CN(C(=O)C(C)(C)C)C2C[CH]C=N2)c2c1cnc1[nH]ccc21,0.9034705383104044
C=C1N(C)c2cnc3[nH]ccc3c2N1[CH]C1=C[CH]CCN1C(=O)C1(C#N)CC1,0.8956902588377925
CC1[CH]C=C([CH]N2CN(C)c3cnc4[nH]ccc4c32)N(C(=O)C2(C#N)CC2)C1,0.8936751713799497
Cc1nc2[nH]ccc2c2c1N(C)CN2[CH]C1=C[CH]CCN1C(=O)C1(C#N)CC1,0.8936501873834526
CCC(C#N)C(=O)N1CC[CH]C=C1[CH]N1CN(C)c2cnc3[nH]ccc3c21,0.9046774197489571
CC1=CN(CC2(C)CC2)C[C@H](N2CN(C)c3cnc4[nH]ccc4c32)[CH]1,0.9325915571952023
C[C@@H]1CCN(C(=O)C(C)(C#N)C=N)C[C@@H]1N1CNc2cnc3[nH]ccc3c21,0.7218313926460588
C[C@@H]1CC(O)N(CC2(C#N)CC2)C[C@@H]1N1CNc2cnc3[nH]ccc3c21,0.7834374846952309
CN1CN([C@@H]2[CH]CCN(CC3(C#N)CC3)C2)c2c1cnc1[nH]c(N=O)cc21,0.8389467257788208
Cc1c[nH]c2ncc3c(c12)N([C@@H]1[CH]CCN(CC(C)(C)C#N)C1)CN3C,0.9211626486462267
N#CC1(C(=O)N2C#C[CH]C=C2[CH]N2CNc3cnc4[nH]ccc4c32)CC1,0.8342899965213175
CC1(C(=O)N2CC[CH]C=C2[CH]N2CNc3cnc4[nH]ccc4c32)CC1,0.9048448541785262
CNc1cnc2[nH]ccc2c1N[CH]C1=C[CH]CCN1C(=O)C1(C#N)CC1,0.7719006793604002
CCC1CC1(C#N)C(=O)N1CC[CH]C=C1[CH]N1CNc2cnc3[nH]ccc3c21,0.8581354061267719
C=C1[CH]C=C([CH]N2CN(C)c3cnc4[nH]ccc4c32)N(C(=O)C2(C)CC2)C1,0.9119753012863719
C=CCC(C#N)C(=O)N1CC(C)[CH]C=C1[CH]N1CNc2cnc3[nH]ccc3c21,0.7849098598402636
CN([CH]C1=C[CH]CCN1C(=O)C1CC1)C(=O)Nc1cnc2[nH]ccc2c1,0.8885407370272976
CN1CN([CH]C2=C[CH]CCN2C(=O)C2CC2)c2c1cnc1[nH]ccc21,0.9368777523200478
CN1CN([CH]C2=CC(C)(C)C(=O)N2C2C[CH]C=N2)c2c1cnc1[nH]ccc21,0.9115726807460051
C=C1N(C)c2cnc3[nH]ccc3c2N1[CH]C1=C(N)[CH]CCN1C(=O)C1(C#N)CC1,0.8376162232041491
Cc1nc2[nH]ccc2c2c1N(C)CN2[CH]C1=C[CH]CCN1C(=O)C1(C#N)C#C1,0.8372946866985564
CC(C#N)C(=O)N1CC[CH]C=C1[CH]N1CN(C)c2cnc3[nH]ccc3c21,0.9214169591225482
CN1C(Nc2cnc3[nH]ccc3c2)=CC[C@@H]2CCN(C(=O)C3(C#N)CC3)C[C@@H]21,0.859838565683354
CN1CN([C@@H]2[CH]C=CN(CC3(C)CC3)C2)c2c1cnc1[nH]ccc21,0.9427359425365901
C[C@@H]1C=CN(CC2(C=N)CC2)C[C@@H]1N1CNc2cnc3[nH]ccc3c21,0.7507231972886222
C[C@@H]1CC(O)N(CC2(C#N)CC2)C[C@@H]1N1CNc2cnc3[nH]cc(N)c3c21,0.6516629778531977
CN1CN([C@@H]2[CH]CCN(CC3(C#N)C=C3)C2)c2c1cnc1[nH]c(N=O)cc21,0.6637385603125092
C#CN1CN([C@@H]2[CH]CCN(CC3(C#N)CC3)C2)c2c1cnc1[nH]ccc21,0.8652651183649859
[CH]C=C([CH]N1CNc2cnc3[nH]ccc3c21)N(C#C)C(=O)C1(C#N)CC1,0.6564720928244586
CC1Nc2cnc3[nH]ccc3c2N1[CH]C1=C[CH]CCN1C(=O)C1(C)CC1,0.8910949222272645
CNc1cnc2[nH]ccc2c1N(C)[CH]C1=C[CH]CCN1C(=O)C1(C#N)CC1,0.8538400107737271
C=C1[CH]C=C([CH]N2CN(C)c3cnc4[nH]ccc4c32)N(C(=O)C2CC2)C1,0.9276030084482196
C=C(O)CC(C#N)C(=O)N1CC(C)[CH]C=C1[CH]N1CNc2cnc3[nH]ccc3c21,0.6772806920292593
CN([CH]C1=C[CH]CCN1C(=O)C1CC1)C(=O)N(N)c1cnc2[nH]ccc2c1,0.4921745281558243
CN1CN([CH]C2=CC(C)(C)CN2C2C[CH]C=N2)c2c1cnc1[nH]ccc21,0.9256130205924279
C=C1N(C)c2cnc3[nH]ccc3c2N1[CH]C1=C(N)[CH]C=CN1C(=O)C1(C#N)CC1,0.8409557254280374
CC(C)C(=O)N1CC[CH]C=C1[CH]N1CN(C)c2cnc3[nH]ccc3c21,0.9355672095876766
CN1CN([C@@H]2[CH]CCN(CC3CC3=N)C2)c2c1cnc1[nH]ccc21,0.9078874386415087
CN1C(Nc2cnc3[nH]ccc3c2)=CC[C@@H]2CCN(C(=O)C3(C)CC3)C[C@@H]21,0.8769119094671698
C[C@@H]1C=CN(CC2(C=N)CC2)C[C@@H]1n1cnc2cnc3[nH]ccc3c21,0.7186760379208283
CN1CN([CH]C2=C[CH]C(=N)CN2CC2CC2)c2c1cnc1[nH]ccc21,0.9024465939918767
C[C@@H]1CCN(CC2(C#N)CC2)C[C@@H]1N1CNc2cnc3[nH]cc(N)c3c21,0.7852978282580575
CN1CN([C@@H]2[CH]CCN(CC3(C)C=C3)C2)c2c1cnc1[nH]c(N=O)cc21,0.6773295133070043
CNc1cnc2[nH]ccc2c1N(C)[C@@H]1[CH]CCN(CC(C)(C)C#N)C1,0.8763551778736529
[CH]C=C([CH]N1CNc2cnc3[nH]ccc3c21)N(C)C(=O)C1(C#N)CC1,0.8959723739321143
CC1N(C)c2cnc3[nH]ccc3c2N1[CH]C1=C[CH]CCN1C(=O)C1(C)CC1,0.9075026177643961
CC[CH]C=C([CH]N1CN(C)c2cnc3[nH]ccc3c21)NC(=O)C1(C)CC1,0.8376203033075633
CN([CH]C1=C[CH]CCN1C(=O)C1(C#N)CC1)c1c(N)cnc2[nH]ccc12,0.8829650471508449
C=C(O)CC(C#N)C(=O)NCC(C)[CH]C=C[CH]N1CNc2cnc3[nH]ccc3c21,0.48745726201487943
C#CC1(C)C=C([CH]N2CN(C)c3cnc4[nH]ccc4c32)N(C2C[CH]C=N2)C1,0.8575263112144833
C=C1N(C)c2cnc3[nH]ccc3c2N1[CH]C1C(N)[CH]C=CN1C(=O)C1(C#N)CC1,0.8346835628195622
CCC(=O)N1CC[CH]C=C1[CH]N1CN(C)c2cnc3[nH]ccc3c21,0.9433834180888524
CN1C(Nc2cnc3[nH]ccc3c2)=CC[C@@H]2CCN(C(=O)C3CC3)C[C@@H]21,0.8924832253255401
CN1CN([C@@H]2[CH]C=CN(CC3CC3)C2=N)c2c1cnc1[nH]ccc21,0.9119300624162545
C[C@@H]1C=CN(CC2(C)CC2)C[C@@H]1n1cnc2cnc3[nH]ccc3c21,0.7996642946650434
CN1CN([C@@H]2[CH]C=CN(C(N)C3CC3)C2)c2c1cnc1[nH]ccc21,0.9027408682659226
CN(CC[CH][CH]N1CN(C)c2cnc3[nH]c(N=O)cc3c21)CC1(C)C=C1,0.4477309694488703
C[C@@H]1C(O)CN(C(=O)C2(C#N)CC2)C[C@@H]1n1c(=O)[nH]c2cnc3[nH]ccc3c21,0.6076174470261805
C[C@@H]1CCN(C(=O)C2(C#N)CC2)C[C@@H]1n1c(=O)[nH]c2c(N)nc3[nH]ccc3c21,0.6196214365160803
C[C@@H]1CCN(C(=O)C(C)(C)C#N)C[C@@H]1n1c(=O)[nH]c2cnc3[nH]ccc3c21,0.723822653777109
N#CC1(C(=O)N2CC[CH][C@@H](n3c(=O)[nH]c4cnc5[nH]ccc5c43)C2)CC1,0.7299140444904396
C[C@@H]1CCN(C(=O)C2(C#N)CC2=O)C[C@@H]1n1c(=O)[nH]c2cnc3[nH]ccc3c21,0.645513538852128
C=C1C[C@@H](C)[C@@H](n2c(=O)[nH]c3cnc4[nH]ccc4c32)CN1C(=O)C1(C#N)CC1,0.7154017593893491
CCC(C#N)C(=O)N1CC[C@@H](C)[C@@H](n2c(=O)[nH]c3cnc4[nH]ccc4c32)C1,0.7397767983603957
C=CC(C)(C#N)C(=O)N1CC[C@@H](C)[C@@H](n2c(=O)[nH]c3cnc4[nH]ccc4c32)C1,0.68147422736773
Cc1nc2[nH]ccc2c2c1[nH]c(=O)n2[C@H]1CN(C(=O)C(C)(C)C#N)CC[C@H]1C,0.7112768624801489
CC1[C@H](n2c(=O)[nH]c3cnc4[nH]ccc4c32)[C@H](C)CCN1C(=O)C(C)(C)C#N,0.7115482751595553
C[C@@H]([CH]n1c(=O)[nH]c2cnc3[nH]ccc3c21)CCN(C)C(=O)C(C)(C)C#N,0.6958710901042641
Cc1c[nH]c2ncc3c(c12)N([C@H]1CN(C(=O)C2(C#N)CC2)CC[C@H]1C)CN3,0.8551196267733157
N#CC1(C(=O)N2CC[CH][C@@H](N3CNc4cnc5[nH]ccc5c43)C2)CC1,0.8744841800848039
C[C@@H]1CCN(C(=O)C2(C#N)CC2=O)C[C@@H]1N1CNc2cnc3[nH]ccc3c21,0.7821042379906673
C=C1C[C@@H](C)[C@@H](N2CNc3cnc4[nH]ccc4c32)CN1C(=O)C1(C#N)CC1,0.8576097995045902
CCC(C#N)C(=O)N1CC[C@@H](C)[C@@H](N2CNc3cnc4[nH]ccc4c32)C1,0.8861646931518453
C[C@H]1[C@@H](N2CNc3cnc4[nH]ccc4c32)CN(C(=O)C2(C#N)CC2)CC1(C)O,0.7311479912222221
C#CC1C[C@@H](C)[C@@H](N2CNc3cnc4[nH]ccc4c32)CN1C(=O)C1(C#N)CC1,0.7877433293735759
C=CC(C)(C#N)C(=O)N1CC[C@@H](C)[C@@H](N2CNc3cnc4[nH]ccc4c32)C1,0.817781422187133
Cc1nc2[nH]ccc2c2c1NCN2[C@H]1CN(C(=O)C(C)(C)C#N)CC[C@H]1C,0.853191871030138
CC(C)(C#N)C(=O)N1CC[C@@H](CO)[C@@H](N2CNc3cnc4[nH]ccc4c32)C1,0.757853551546343
C[C@@H]([C@H](C)CCNC(=O)C(C)(C)C#N)N1CNc2cnc3[nH]ccc3c21,0.741049293072807
CC1[C@H](n2c(=O)[nH]c3cnc4[nH]ccc4c32)[C@H](C)CCN1C(=O)C(C)(C#N)CO,0.6177967911738655
C[C@@H]([CH]N1CNc2cnc3[nH]ccc3c21)CCN(C)C(=O)C(C)(C)C#N,0.8334703670177742
N#CC1(CN2CC[CH][C@@H](N3CNc4cnc5[nH]ccc5c43)C2)CC1,0.9077706557107041
C[C@@H]1CCN(CC2(C#N)CC2=O)C[C@@H]1N1CNc2cnc3[nH]ccc3c21,0.8795725417635095
C=C1C[C@@H](C)[C@@H](N2CNc3cnc4[nH]ccc4c32)CN1CC1(C#N)CC1,0.8906205216790505
CCC(C#N)C(=O)N1CC[C@@H](C)[C@@H](N2CN(C)c3cnc4[nH]ccc4c32)C1,0.9030738152279341
C#CC1C[C@@H](C=C)[C@@H](N2CNc3cnc4[nH]ccc4c32)CN1C(=O)C1(C#N)CC1,0.6249595284092733
C[C@@H]1CC(C#CN)N(C(=O)C2(C#N)CC2)C[C@@H]1N1CNc2cnc3[nH]ccc3c21,0.530769608544844
C=CC(C)(C#N)C(=O)N1CC[CH][C@@H](N2CNc3cnc4[nH]ccc4c32)C1,0.8301499196191248
Cc1nc2[nH]ccc2c2c1NCN2[C@H]1CN(CC(C)(C)C#N)CC[C@H]1C,0.8865860814827008
C[C@@H]1CCN(CC(C)(C)C#N)C[C@@H]1N(CN)c1ccnc2[nH]ccc12,0.8171729006423973
C[C@@H]1CCN(CC(C)(C)C#N)C[C@@H]1N1CN(O)c2cnc3[nH]ccc3c21,0.8819106743739615
C[C@@H]1CCN(CC(C)(C)C)C[C@@H]1N1CNc2cnc3[nH]ccc3c21,0.8860136357256817
C[C@@H]1CCN(CC(C)(C)C#N)C[C@@H]1N1CNc2c(O)nc3[nH]ccc3c21,0.7849781604025632
CCC(C)(C#N)CN1CC[C@@H](C)[C@@H](N2CNc3cnc4[nH]ccc4c32)C1,0.8823220497215001
C[C@@H]([C@H]1CCN(C(=O)C(C)(C)C#N)C1)N1CNc2cnc3[nH]ccc3c21,0.8861646931518453
CC1[C@H](N2CNc3cnc4[nH]ccc4c32)[C@H](C)CCN1C(=O)C(C)(C#N)CO,0.7482095135430957
CC(C)(C#N)C(=O)N1C=C[C@@H]([CH]N2CNc3cnc4[nH]ccc4c32)CC1,0.8894826205487595
C=C1C[C@@H](C)[C@@H](N2CN(C)c3cnc4[nH]ccc4c32)CN1CC1(C#N)CC1,0.9076168617469648
CC(O)C(C#N)C(=O)N1CC[C@@H](C)[C@@H](N2CN(C)c3cnc4[nH]ccc4c32)C1,0.8352666223412054
CC1CN(C(=O)C2(C#N)CC2)C[C@H](N2CNc3cnc4[nH]ccc4c32)[C@@H]1CO,0.7449139343466629
C=C[C@@H]1CC(C)N(C(=O)C2(C#N)CC2)C[C@@H]1N1CNc2cnc3[nH]ccc3c21,0.804467434480285
CCC(C)(C#N)C(=O)N1CC[CH][C@@H](N2CNc3cnc4[nH]ccc4c32)C1,0.8869339696466402
C[C@@H]1CCN(CC(C)(C)C#N)C[C@@H]1N1CNc2c(C=N)nc3[nH]ccc3c21,0.7241360960025779
CC1C[C@@H](C)[C@@H](N(CN)c2ccnc3[nH]ccc23)CN1CC(C)(C)C#N,0.8065347833391906
C[C@@H]1CCN(CC(C)(C)C#N)C[C@@H]1N(C)c1ccnc2[nH]ccc12,0.9371701973758724
C[CH]CCN(C[CH]N(CN)c1ccnc2[nH]ccc12)CC(C)(C)C#N,0.6496494649203077
C[CH][C@H](CN(CC)CC(C)(C)C#N)N1CN(O)c2cnc3[nH]ccc3c21,0.7944083269702346
C[C@@H]1CC(N)N(CC(C)(C)C#N)C[C@@H]1N1CN(O)c2cnc3[nH]ccc3c21,0.7598829017202144
CC(C)CN1CC[C@@H](C)[C@@H](N2CNc3cnc4[nH]ccc4c32)C1,0.9138477425360334
C[CH][C@H](CN(CC)CC(C)(C#N)CC)N1CNc2cnc3[nH]ccc3c21,0.7585185091096568
C[C@@H]([C@H]1CCN(C(=O)C(C)(C)C#N)C1)N1CN(C)c2cnc3[nH]ccc3c21,0.9030738152279342
CC1[C@H](N2CNc3cnc4[nH]ccc4c32)[C@H](C)CCN1C(=O)C(C)(C)C#N,0.8531051742880171
CN1CN([CH][C@@H]2C=CN(C(=O)C(C)(C)C#N)CC2)c2c1cnc1[nH]ccc21,0.9070430853925607
Cc1c[nH]c2ncc3c(c12)N([C@@H]1[CH]CCN(CC2(C#N)CC2)C1)CN3C,0.9229891005164854
C=C1C[CH][C@@H](N2CN(C)c3cnc4[nH]ccc4c32)CN1CC1(C#N)CC1,0.9249616537635971
CC1CN(C(=O)C2(C#N)CC2=N)C[C@H](N2CNc3cnc4[nH]ccc4c32)[C@@H]1CO,0.6182349962745521
C[C@@H]1CCN(CC2(C#N)C=C2)C[C@@H]1N1CN(C)c2cnc3[nH]ccc3c21,0.8640137227306415
CC[C@@H]1CC(C)N(C(=O)C2(C#N)CC2)C[C@@H]1N1CNc2cnc3[nH]ccc3c21,0.8569142716832348
C#CC1C[C@@H](C)[C@@H](N2CNc3cnc4[nH]ccc4c32)C(O)N1C(=O)C1(C#N)CC1,0.6726474023822929
CCC(C)(C#N)C(=O)N1CC[CH][C@@H](N2CN(C)c3cnc4[nH]ccc4c32)C1,0.904098514008625
CC[C@@H]1CC(C)N(CC(C)(C)C#N)C[C@@H]1N(CN)c1ccnc2[nH]ccc12,0.7641149911487263
Cc1cc(N(C)[C@H]2CN(CC(C)(C)C#N)CC[C@H]2C)c2cc[nH]c2n1,0.9249986565731761
C[C@@H]1CCN(CC(C)(C#N)C=O)C[C@@H]1N(C)c1ccnc2[nH]ccc12,0.8468776266696596
C[C@@H]1C(=N)CN(CC(C)(C)C#N)C[C@@H]1N(C)c1ccnc2[nH]ccc12,0.8977744640684058
C[CH]CCN(CC(C)(C)C#N)C1=NCN(c2ccnc3[nH]ccc23)[CH]1,0.8777612073941474
C[CH][C@H](CN(CC)C(C)C(C)(C)C#N)N1CN(O)c2cnc3[nH]ccc3c21,0.778407983808571
CC(C)CN1CC[C@@H](C)[C@@H](N2CN(C)c3cnc4[nH]ccc4c32)C1,0.9397991309973279
C[CH][C@H](C1C(C)C(C)(C#N)CN1CC)N1CNc2cnc3[nH]ccc3c21,0.8849338878350989
CN1CN([CH][C@H]2CCN(C(=O)C(C)(C)C#N)C2)c2c1cnc1[nH]ccc21,0.918072588738969
C=C1[C@H](N2CNc3cnc4[nH]ccc4c32)[C@H](C)CCN1C(=O)C(C)(C)C#N,0.855000784543983
CN1CN([CH][C@@H]2C=C(O)N(C(=O)C(C)(C)C#N)CC2)c2c1cnc1[nH]ccc21,0.8506401049304947
Cc1c[nH]c2ncc3c(c12)N([C@@H]1[CH]CCN(CC2(C)CC2)C1)CN3C,0.9328960926910579
C=C1C[CH][C@@H](N2CN(C)c3c(O)nc4[nH]ccc4c32)CN1CC1(C#N)CC1,0.8721915239347168
CCC(C)C(=O)N1CC[C@@H](C)[C@@H](N2CN(C)c3cnc4[nH]ccc4c32)C1,0.9193301185672618
CC[C@@H]1CCN(C(=O)C2(C#N)CC2)C[C@@H]1N1CNc2cnc3[nH]ccc3c21,0.8741647831719107
C=C[C@H](CC)[C@H](CNC(=O)C1(C#N)CC1)N1CNc2cnc3[nH]ccc3c21,0.6565557849140372
C#CCN(C(=O)C1(C#N)CC1)C(O)[C@@H](C(C)C)N1CNc2cnc3[nH]ccc3c21,0.5115345504112297
CCC(C)(C#N)C(=O)N1CC[CH][C@@H](N2CN(C)c3c(O)nc4[nH]ccc4c32)C1,0.8457684572206343
Cc1nc2[nH]ccc2c2c1N(C)CN2[C@H]1CN(CC(C)(C)C#N)CC[C@H]1C,0.9025625307102831
CC[C@@H]1CC(C)N(CC(C)(C)C#N)C[C@@H]1N(C)c1ccnc2[nH]ccc12,0.8812373021698622
Cc1cc(N(C)[C@@H]2[CH]CCN(CC(C)(C)C#N)C2)c2cc[nH]c2n1,0.9384728157272889
CCC(C)(C#N)CN1CC(=N)[C@@H](C)[C@@H](N(C)c2ccnc3[nH]ccc23)C1,0.8649186113872356
C[CH]C(O)CN(CC(C)(C)C#N)C1=NCN(c2ccnc3[nH]ccc23)[CH]1,0.8324693638867934
C[CH][C@H](CN(CC)C(C=N)C(C)(C)C#N)N1CN(O)c2cnc3[nH]ccc3c21,0.6060749424364973
C[C@@H]1CCN(CC(C)(C)C#N)C(O)[C@@H]1N1CN(O)c2cnc3[nH]ccc3c21,0.7602714237688794
C[CH][C@H](C(NCC)C(C)C(C)(C)C#N)N1CNc2cnc3[nH]ccc3c21,0.7097126893453793
CN1CN([CH][C@H]2CCN(CC(C)(C)C#N)C2)c2c1cnc1[nH]ccc21,0.9293948769538417
C=C1[C@H](N2CNc3cnc4[nH]ccc4c32)[C@H](C)CCN1CC(C)(C)C#N,0.8860499576589882
Cc1c[nH]c2ncc3c(c12)N([C@@H]1[CH]CCN(CC2(C)CC2)C1)CN3C=N,0.6561300921163996
CN1CN([C@@H]2[CH]CCN(C(O)C3(C#N)CC3)C2)c2c1cnc1[nH]ccc21,0.8754639979931452
C=C1C[CH][C@@H](N2CN(C)c3c(O)nc4[nH]cc(N)c4c32)CN1CC1(C#N)CC1,0.7508602115151398
CCC(C)C(=O)N1CC[CH][C@@H](N2CN(C)c3cnc4[nH]ccc4c32)C1,0.9331543368152209
C[C@@H]1CCN(CC2(C#N)CC2)C[C@@H]1N1CN(C=N)c2cnc3[nH]ccc3c21,0.6443144991134457
CC[C@@H]1CCN(C(=O)C2(C)CC2)C[C@@H]1N1CNc2cnc3[nH]ccc3c21,0.8894955544163242
CC[C@H]1C=CN(C(=O)C2(C#N)CC2)C[C@@H]1N1CNc2cnc3[nH]ccc3c21,0.8765128148577864
CC(C)[C@H](C1OC#CCN1C(=O)C1(C#N)CC1)N1CNc2cnc3[nH]ccc3c21,0.7773065405545718
Cc1nc2[nH]ccc2c2c1N(C)CN2[C@@H]1[CH]CCN(CC(C)(C)C#N)C1,0.9211626486462267
C=CN(c1ccnc2[nH]ccc12)[C@H]1CN(CC(C)(C)C#N)C(C)C[C@H]1CC,0.8156121126562504
CN(c1ccnc2[nH]ccc12)[C@@H]1[CH]CCN(CC(C)(C)C#N)C1,0.9431555733972868
CCC(C)(C#N)CN1CC[C@@H](C)[C@@H](N(C)c2ccnc3[nH]ccc23)C1,0.9031684079094092
C[CH]C1CN(C2=NCN(c3ccnc4[nH]ccc34)[CH]2)C(C(C)(C)C#N)O1,0.9204374750106492
C[CH][C@H](C1N=CC(C(C)(C)C#N)N1CC)N1CN(O)c2cnc3[nH]ccc3c21,0.8282191656269028
C[C@@H]1CCN(CC(C)(C)C#N)C(=O)[C@@H]1N1CN(O)c2cnc3[nH]ccc3c21,0.8624862868252361
CCN1C[CH][C@@H](N2CNc3cnc4[nH]ccc4c32)C1C(C)C(C)(C)C#N,0.8849338878350987
C[C@@H]1CCN(CC(C)(C#N)C#N)C[C@@H]1N1CNc2cnc3[nH]ccc3c21,0.8840217011588861
CC(C)(C#N)CN1CC[C@H]([CH]N2CNc3cnc4[nH]ccc4c32)C1,0.9051445440781122
C=C1[C@H](N2CN(C)c3cnc4[nH]ccc4c32)[C@H](C)CCN1CC(C)(C)C#N,0.9023389138299482
CN1c2cnc3[nH]ccc3c2N([CH][C@@H]2C=CN(C(=O)C(C)(C)C#N)CC2)C1N,0.8476511483231911
CCCC(=O)N1CC[CH][C@@H](N2CN(C)c3cnc4[nH]ccc4c32)C1,0.9408019109133469
CC[C@@H]1CCN(C(=O)C2(C)CC2)C[C@@H]1N1CN(C)c2cnc3[nH]ccc3c21,0.9050989171615055
CC[C@H]1C=CN(C(=O)C2(C#N)CC2)C[C@@H]1N1CN(C)c2cnc3[nH]ccc3c21,0.8910650578293903
CC(C)[C@H](C1OC#CCN1CC1(C#N)CC1)N1CNc2cnc3[nH]ccc3c21,0.7813070602644034
CCC(C)(C)C(=O)N1CC[CH][C@@H](N2CN(C)c3cnc4[nH]ccc4c32)C1,0.9205170321613387
C=C1CC[C@@H]2CC(C)N(CC(C)(C)C#N)C[C@@H]2N1c1ccnc2[nH]ccc12,0.8828766740442956
CN(c1ccnc2[nH]ccc12)[C@@H]1[CH]CCN(C(=O)C(C)(C)C#N)C1,0.9401058383299272
CN(c1ccnc2[nH]ccc12)[C@@H]1[CH]C=CN(CC(C)(C)C#N)C1,0.9431686772728607
CC(C)(C#N)CN1CC[CH][C@@H](N(C=N)c2ccnc3[nH]ccc23)C1,0.6545328280754239
CN(c1ccnc2[nH]ccc12)[C@@H]1[CH]CCN(CC(C)(C)C#N)C1=O,0.9364594526120613
C[CH]C1CN(C2=NCN(c3ccnc4[nH]ccc34)[CH]2)C(C(C)C#N)O1,0.930145265761054
C[CH][C@H](C1N=CC(C(C)(C)C)N1CC)N1CN(O)c2cnc3[nH]ccc3c21,0.8654285684497179
C[C@@H]1CCN(CC(C)(C)C#N)C(=O)[C@@H]1N1CNc2cnc3[nH]ccc3c21,0.8861646931518453
C[CH][C@H](CN(C)CC(C)C)N1CN(C)c2cnc3[nH]ccc3c21,0.8895172434399736
CCN1C[CH][C@@H](N2CN(C)c3cnc4[nH]ccc4c32)C1C(C)C(C)(C)C#N,0.9011633953845494
C[C@@H]1CCN(CC(C)(C#N)C#N)C[C@@H]1N1CN(C)c2cnc3[nH]ccc3c21,0.90181216723956
C=C1[C@H](N2CN(C)c3cnc4[nH]ccc4c32)[CH]CCN1CC(C)(C)C#N,0.9223822543127486
Cc1c[nH]c2ncc3c(c12)N([C@@H]1[CH]C=CN(CC2(C)CC2)C1)CN3C,0.9333959787141031
C=C(C)CN1C=C[CH][C@@H](N2CN(C)c3cnc4[nH]ccc4c32)C1,0.8850284616821097
CCCC(=O)N1CC[CH][C@@H](N2CN(C)c3cnc4[nH]cc(O)c4c32)C1,0.8932123795261449
CC[C@@H]1CCN(C(=O)C2CC2)C[C@@H]1N1CN(C)c2cnc3[nH]ccc3c21,0.9218683956185807
CC[C@H]1C=CN(C(=O)C2(C)CC2)C[C@@H]1N1CN(C)c2cnc3[nH]ccc3c21,0.9064881656125344
CC(C)[C@H](C1OC=CCN1CC1(C#N)CC1)N1CNc2cnc3[nH]ccc3c21,0.8313263608432166
CC1C[C@H]2CCCN(c3ccnc4[nH]ccc34)[C@H]2CN1CC(C)(C)C#N,0.9138289192825921
CCN(c1ccnc2[nH]ccc12)[C@@H]1[CH]CCN(CC(C)(C)C#N)C1=O,0.909323676809311
CN(c1ccnc2[nH]ccc12)[C@@H]1[CH]CCN(CC(C)(C)C)C1=O,0.9477726749761979
C[CH]C1CN(C2=NCN(c3ccnc4[nH]ccc34)[CH]2)C(C(C)C)O1,0.9426448234273405
[CH][C@H](C1N=CC(C(C)(C)C)N1CC)N1CN(O)c2cnc3[nH]ccc3c21,0.8868307213928586
C[C@@H]1CCN(CC(C)(C)C#N)C(=O)[C@@H]1N1c2c(cnc3[nH]ccc23)NC1N,0.7624079692293501
C[CH][C@H](C1=CC(C)CN1C)N1CN(C)c2cnc3[nH]ccc3c21,0.9459462923202785
CN1CN([C@@H]2[CH]CCN(CC(C)(C)O)C2)c2c1cnc1[nH]ccc21,0.9000895653292545
CC(C1[C@H](N2CN(C)c3cnc4[nH]ccc4c32)[CH]CN1C)C(C)(C)C#N,0.9212310970459289
C[C@@H]1CCN(CC(C)(C#N)C#N)C[C@@H]1n1c(=O)n(C)c2cnc3[nH]ccc3c21,0.7525913155984066
CN1CN([CH][C@H]2CCN(CC(C)(C)C)C2)c2c1cnc1[nH]ccc21,0.939059020918731
C=C1[C@H](N2CN(C)c3cnc4[nH]ccc4c32)[CH]CCN1CC(C)C#N,0.9343439398484926
CC(C#N)C(=O)N1C=C[C@@H]([CH]N2CN(C)c3cnc4[nH]ccc4c32)CC1,0.9207192093378536
Cc1c[nH]c2ncc3c(c12)N([C@@H]1[CH]C=CN(CC2CC2)C1)CN3C,0.9429027022290802
C=C(N1CC[CH][C@@H](N2CN(C)c3cnc4[nH]ccc4c32)C1)C1(C)CC1,0.9325915571952021
